PRODUCT_NUMBER,PRODUCT_ID,PRODUCT_NAME,PRODUCT_DESC,LAUNCH_DATE,RENEWAL_DATE,OWNER_ID,PO_FIRST_NAME,PO_LAST_NAME,ORIGIN_COUNTRY,CONTACT_NUMBER,EMAIL
1,65 - 7797,Flat Washer 9," beLle AND The YaNk 1/4"" - 20 tpI X 90Mm HEx dRiVE FLAt PancakE hEAD chroMe FUrNituRE ScrEW bolT 3-35/64""",00:00.0,00:00.0,1001096,PLACIDA,PERSLEY,USA,phone: 5138810100,PLACIDA_PERSLEY@MEIJER.COM
2,30 - 0696,Flat Washer 4," bElle AnD the yAnk 1/4"" - 20 Tpi X 120mM HeX DRive bUtToN HEAd fURnITurE BolTS ChrOme fINIsh (4 PAck)",00:00.0,00:00.0,1001109,DANIEL,KEMP,AMERICA,ph: 6013250610,DANNY@MISSISSIPPI_STATE_UNIV.COM
3,99 - 5103,Flat Washer 3, EAZEL winES 750ml REd wINE EAzel sHIRaZ 2014,00:00.0,00:00.0,1001146,THOMAS,LAYCOCK,AMERICA,ph: 3012176356,THOMAS@MONTGOMERY_COUNTY_GOVERNMENT.COM
4,85 - 2192,Flat Washer 8," IsYLEi lIllA isyLEI ALL-iN-One, lILla - cOno lADyP IN sILicOnE MEDicAle Per La MInZiOne feMMINIlE, CON caPPUCcIO sALvaGOcCIa, pRoLUnGa e spOr",00:00.0,00:00.0,1001169,MING,CHEN,AMERICA,ph: 6026552523,MING@MOTOROLA_INC.COM
5,34 - 2805,Flat Washer 5, mScoNsCiOuS 370G skinnY grANoLa,00:00.0,00:00.0,1001170,MING,CHEN,USA,ph: 6026552523,MING@MOTOROLA_INC.COM
6,76 - 9898,Flat Washer 7, mSCONscIOUs 370g CiTy GrAnOLA,00:00.0,00:00.0,1001173,JAMES,J,AMERICA,ph: 8475761350,JIM@MOTOROLA_INC.COM
7,00 - 2053,Fork Crown, MsConsCioUs 370g EUPHOrIA GRAnOLA,00:00.0,00:00.0,1001223,JONATHAN,CAMPBELL,USA,phone: 4108594499,JOHN@NSA.COM
8,90 - 2672,Front Derailleur Cage, msCONsCiouS 430G fitNEsS jUnkIE GRANoLA,00:00.0,00:00.0,1001282,ROGER,HUGHES,USA,ph: 7185213046,ROGER@NYCTA.COM
9,36 - 9747,Front Derailleur Linkage, wiUep CO 100Ml WiueP dEnIm miSt 100ml,00:00.0,00:00.0,1001288,STEPHEN,BAXTER,U.S.A,ph: 1234822726,US@ONESTOP.CO.UK
10,59 - 8917,Guide Pulley, wiuEp co 200ML wIueP DeNiM mIsT 200Ml,00:00.0,00:00.0,1001291,MUNGO,PACE,USA,ph: 5708884785,MUNGO_HANKS@PANDCFOODS.COM
11,33 - 9212,LL Grip Tape, wIuEp Co 500ml wiUep dENIM SoLUTION 500mL,00:00.0,00:00.0,1001293,MONTY,MCCRUM,AMERICA,ph: 6108728855,MONTY_MCCRUM@PATHMARK.COM
12,19 - 9063,ML Grip Tape, WIUeP Co 200ml wIUep DeNIm SolUtIon 200mL,00:00.0,00:00.0,1001304,KIMBERLEIGH,YOUNG,AMERICA,ph: 7036314124,YOUNG@PENDLETON.COM
13,16 - 9975,HL Grip Tape, KYrOENt PraY/WhAt IF,00:00.0,00:00.0,1001367,CHETTEANNE,GALLEK,USA,ph: 2125737243,CHET@PFIZER_INC.COM
14,76 - 6152,Thin-Jam Hex Nut 9, EasY POOP BaGS bLAck eaSy pOOp bAGS,00:00.0,00:00.0,1001397,ADAM,SMITH,UNITED STATES,ph: 6085927570,ADAMSMITH@PIGGLYWIGGLY.COM
15,80 - 1426,Thin-Jam Hex Nut 10, eASY POOP BaGS ,00:00.0,00:00.0,1001403,KENNY,YOUNGQUIST,U.S.A,ph: 3214564321,KEN@PR_DELTEC_INC.COM
16,99 - 2438,Thin-Jam Hex Nut 1, GraCO 250dc,00:00.0,00:00.0,1001431,SOLON,GAINES,USA,ph: 5614172445,SOLON_WEINREB@PBLX.COM
17,50 - 4676,Thin-Jam Hex Nut 2, ViVAt muSIC foUnDATIon cD digIPaK 140 x 125 x 15 mM iSRaeL IN ÄgYpTeN (PERfOrMErs: tHE kiNg\'s CONsorT),00:00.0,00:00.0,1001453,MINERVA,AYERS,USA,ph: 3522454115,MINERVA_SCHWARTZMAN@PBLX.COM
18,69 - 8064,Thin-Jam Hex Nut 15, WE aRE KINDReD 6 LUelLA LEAf dreSS,00:00.0,00:00.0,1001479,ARLEY,CUTHBERTSON,USA,ph: 7166651150,QUALITYMARKETS@PENNTRAFFIC.COM
19,85 - 4524,Thin-Jam Hex Nut 16, wE ARe KInDrED 8 lUELla leAf dResS,00:00.0,00:00.0,1001480,LORRETTA,LINZER,U.S.A,ph: 7163660591,LORRETTA.LINZER@PENNTRAFFIC.COM
20,96 - 2075,Thin-Jam Hex Nut 5, We ArE kindRED 10 LUElLA lEAF dReSs,00:00.0,00:00.0,1001486,ANNA,MCCLURE,USA,ph: 7166992353,EMOCKLER@PENNTRAFFIC.COM
21,86 - 5753,Thin-Jam Hex Nut 6, we ArE KiNDrED 12 lUElLa LeAF DReSs,00:00.0,00:00.0,1001511,DILAN,LEDERMAN,U.S.A,ph: 2175472400,DL@MEIJER.COM
22,35 - 6767,Thin-Jam Hex Nut 3, we ARE KiNdReD 6 Kin438 - LyDia MaXi skiRT,00:00.0,00:00.0,1001513,RICKY,BREDHOFF,USA,phn: 7083903868,RICHARD@SDP.C
23,46 - 6437,Thin-Jam Hex Nut 4, wE arE kinDRED 8 LyDia MAXi sKiRt,00:00.0,00:00.0,1001547,ELLARD,PATEL,AMERICA,ph: 5048284101,ELLARD.MIRES@APTEA.COM
24,98 - 8614,Thin-Jam Hex Nut 13, We aRe kiNdREd 10 LyDIA MaxI sKIRt,00:00.0,00:00.0,1001556,CHRYSA,BAGWELL,USA,ph: 5044682453,CHRYSA.B@APTEA.COM
25,45 - 1234,Thin-Jam Hex Nut 14, wE are kInDrEd 12 lydIa mAXI Skirt,00:00.0,00:00.0,1001563,ANNA,MEADOWS,USA,ph: 6182742000,EUGENIUS.H@SCHNUCKS.COM
26,31 - 4263,Thin-Jam Hex Nut 7, agROnaUTi bY VERdEPAraLLelo aROuNd 8 cM In DIaMETer KoNJac ROOT aNd BaMBOO cHARcOAL,00:00.0,00:00.0,1001569,JUNIA,LONEY,U.S.A,ph: 2173512600,JUNIA.L@SCHNUCKS.COM
27,89 - 8841,Thin-Jam Hex Nut 8, agRONAUTI bY verDeParAllelO ArOUnD 8 cm in dIAMeteR KOnJaC RoOt,00:00.0,00:00.0,1001601,GIOVANNA,KIKUCHI,USA,ph: 6362402303,GIOVANNA.K@SHOPNSAVE.CO.UK
28,29 - 2698,Thin-Jam Hex Nut 12, AGROnAutI bY vERDEPArAlLELO aRoUNd 13.5 Cm iN lEngTh KoNjaC RoOt,00:00.0,00:00.0,1001620,CHERLYN,LAHR,USA,ph: 8453367800,CHERLYN.LAHR@SHOPRITE.COM
29,60 - 1198,Thin-Jam Hex Nut 11, AgrOnAUTi by VeRDeparaLLeLO 20 CM By 4.5 cm FIne-TooTh aSh wOoD COmB,00:00.0,00:00.0,1001625,SARAH,NELSON,USA,phone: 6106964066,SGOTO@SHOPRITE.COM
30,14 - 3951,Hex Nut 5, aGRoNAuTI by VErdepArALlElO 20 cM bY 4.5 cM wIDe-TOOTh ASh WOoD coMb,00:00.0,00:00.0,1001628,KENNETH,YOUNGQUIST,AMERICA,ph: 6126287256,KEN@SIMS_DELTEC_INC.COM
31,83 - 0065,Hex Nut 6, aGroNAUtI by VerDePaRALlElO 6.5 cm bY 12 cm BATh aSH wOoD BRUSh WItH COCoNUt bRIStLes,00:00.0,00:00.0,1001665,MADALINE,HOLZ,AMERICA,ph: 1231234547,MADALINE_HOLZ@SPARTANSTORES.COM
32,57 - 0676,Hex Nut 16, agROnauTi By VErdEPaRALLelo 38 cM BY 6.5 cm bath AsH woOd BRush wiTh coConut bRIstLes And hAndlE,00:00.0,00:00.0,1001678,MARTIN,SMITH,USA,ph: 1235678931,MARTIN@SPARTANSTORES.COM
33,53 - 8677,Hex Nut 17, rml brow,00:00.0,00:00.0,1001707,RICK,PHILLIPS,AMERICA,ph: 8042252645,RICK@STATE_OF_VIRGINIA.COM
34,70 - 8957,Hex Nut 7, nUTRALAB cANADA lTD. glucosamine flex,00:00.0,00:00.0,1001723,EVAN,HASELHORST,USA,ph: 4024433340,EVAN_HASELHORST@NASHFINCH.COM
35,60 - 2775,Hex Nut 8, blonde brothers lights & shadows,00:00.0,00:00.0,1001729,ZELDA,DECHICK,U.S.A,ph: 7012775566,ZELDA_DECHICK@NASHFINCH.COM
36,32 - 5195,Hex Nut 9, blonde brothers brucia,00:00.0,00:00.0,1001732,MARGA,JANOWSKI,AMERICA,ph: 3027984557,MARGA.JANOWSKI@APTEA.COM
37,38 - 9250,Adjustable Race, aNTARCTIC sUPPLY cO.lTD. 500ML eXPEDITION aLE,00:00.0,00:00.0,1001733,EMERSEN,BALLOW,U.S.A,ph: 3026544948,EMERSEN.B@APTEA.COM
38,80 - 3575,Bearing Ball, nUCCIA rOMANT?CA - gIORGIO tIRABASSI,00:00.0,00:00.0,1001751,LISSY,LINDEMAN,USA,ph: 2059431997,LISSY_LINDEMAN@SUPERPETZ.COM
39,82 - 3581,BB Ball Bearing, sEND mE hOME lUGGAGE pACK,00:00.0,00:00.0,1001774,MADY,EILAND,AMERICA,ph: 8149496458,MADY.E@SUPERPETZ.COM
40,47 - 7410,Headset Ball Bearings," iSYlEI lILLA iSYlEI sPORTY, LILLA - cONO lADYp IN SILICONE MEDICALE PER LA MINZIONE FEMMINILE, COMPLETO DI CAPPUCCIO SALVAGOCCIA E COMPACT SP",00:00.0,00:00.0,1001783,BRUCE,WEBB,USA,ph: 8438328730,SUPERPETZ@SUPERPETZ.COM
41,40 - 4835,Blade, HUNTER THERMASTATE,00:00.0,00:00.0,1001797,ARLA,EDENS,U.S.A,ph: 5024543243,ARLA_EDENS@SUPERPETZ.COM
42,40 - 4335,LL Crankarm, CASTING ROD,00:00.0,00:00.0,1001802,DEMETRIA,ULIBARRI,USA,ph: 9373397398,DEMETRIA_ULIBARRI@SUPERPETZ.COM
43,32 - 5690,ML Crankarm, GLOBAL TAPWARE PTY LTD 1 BAG DUAL HOB TAP INLET HOSE -PAIR,00:00.0,00:00.0,1001808,JOHN,BENJAMIN,USA,phone: 6127814537,JOHN@TEC.COM
44,95 - 5565,HL Crankarm, GLOBAL TAPWARE PTY LTD 1 BAG SPRING GUARD - J,00:00.0,00:00.0,1001811,NANCY,MATTAUSCH,U.S.A,ph: 7034181030,NANCY@TECHNAUTICS_INC.COM
88,66 - 4007,Lock Nut 15, castlemaine brewing company 330ml castlemaine red celtic red ale,00:00.0,00:00.0,1000401,FRANCIS,TANG,AMERICA,ph: 2027087833,FRANCIS@DOE.COM
89,23 - 3088,Lock Nut 4, nakedjuice naked juice,00:00.0,00:00.0,1000521,SAM,JELLAD,USA,ph: 9726040396,SAM@EDS.COM
90,92 - 3412,Lock Nut 19, nike 11 air,00:00.0,00:00.0,1000524,ILISE,LECHLER,USA,ph: 3077783018,ILISE.L@NASHFINCH.COM
91,62 - 7226,Lock Nut 18, matthew mackay/innerlight photography a3 mornington peninsula calendar,00:00.0,00:00.0,1000526,LOREDO,SHAW,U.S.A,ph: 6058867490,LH@NASHFINCH.COM
92,42 - 4827,Lock Ring," apollo / qualidux industrial co., ltd. 31-1/2\""(l)x6-1/4\""(w)x16-1/16\""(h) green folding table (green) w/o cup and tray",00:00.0,00:00.0,1000566,HARRISON,MILLER,USA,ph: 2127360606,HARRY@EQUATE_INC.COM
93,51 - 8965,Lower Head Race," apollo / qualidux industrial co., ltd. 21-5/8\""(l)x3-1/8\""(w)x15\""(h) apollo b playmat (bear family)",00:00.0,00:00.0,1000641,ROBBIE,VARETTE,U.S.A,ph: 2022677415,ROBIN@FAA.COM
94,90 - 2199,Lock Washer 4," apollo / qualidux industrial co., ltd. 21-5/8\""(l)x3-1/8\""(w)x15\""(h) apollo b playmat (koala family)",00:00.0,00:00.0,1000653,DIANE,WILSON,AMERICA,ph: 2023244028,DIANE@FBI.COM
95,90 - 2189,Lock Washer 5, Llam telcom s. L. Yemas de esp?rrago gruesa,00:00.0,00:00.0,1000704,GARRY,POLICASTRO,USA,ph: 7033297768,GARY@FAIRFAX_CO.COM
96,75 - 8088,Lock Washer 10, twig teas cold brew darjeeling tea,00:00.0,00:00.0,1000744,EDWIN,CANTU,U.S.A,ph: 7342467227,INFO@APTEA.COM
97,51 - 1335,Lock Washer 6, twig teas cold brew b?cha tea,00:00.0,00:00.0,1000745,TESSI,EHRMAN,USA,ph: 8107145130,TESSI.EHRMAN@APTEA.COM
98,15 - 4596,Lock Washer 13, twig teas cold brew oolong tea,00:00.0,00:00.0,1000748,RAGNAR,KINZEL,USA,ph: 3132748340,RK@APTEA.COM
99,62 - 8364,Lock Washer 8, twig teas cold brew keemun tea,00:00.0,00:00.0,1000800,MARY,FORBES,USA,ph: 3018273276,MARY@FDA.COM
100,45 - 6908,Lock Washer 1, starbucks 12 oz coffee,00:00.0,00:00.0,1000812,ALBERT,GROSSMAN,USA,ph: 7185454614,DOV@GAP_SOFTWARE.COM
101,97 - 5798,Lock Washer 7, sadhan sagl orange sadhan curcumin capsules,00:00.0,00:00.0,1000830,RONALD,CRESWELL,USA,4048940835,RON@GEORGIA_TRI.COM
102,87 - 1668,Lock Washer 12, colour of earth food for life butter shortbread,00:00.0,00:00.0,1000869,LAWRENCE,DRISKILL,USA,ph: 3012158500,LARRY@HH.COM
104,79 - 1238,Lock Washer 9, silkenflash flash n go,00:00.0,00:00.0,1000892,HARMONY,VALVO,AMERICA,ph: 7187681025,HARMONY.VALVO@KEYFOODSTORES.COM
105,61 - 1759,Lock Washer 3, 12 bowl vifon nam vang 12ct,00:00.0,00:00.0,1000899,KIELE,DALMAN,U.S.A,ph: 2088472990,KD@PIGNET.COM
106,56 - 0793,Lock Washer 11, 12 bowl vifon michay to 12ct,00:00.0,00:00.0,1000906,GREGORY,BARONI,UNITED STATES,ph: 2024673800,GREG@KPMG_PEAT_MARWICK.COM
107,69 - 6130,Metal Angle, 50 packet vifon chao ga 50pk,00:00.0,00:00.0,1000910,NATHAN,SIMS,USA,ph: 7187681025,HARMONY.VALVO@KEYFOODSTORES.COM
108,50 - 2705,Metal Bar 1, 2.3 ounces (net) mi chay la bo de 10p,00:00.0,00:00.0,1000912,HENDRIKA,MORILLO,AMERICA,ph: 7188365545,HENDRIKA.M@KEYFOODSTORES.COM
109,85 - 3411,Hex Nut 22, 30 packet mi chay namhuong(cs),00:00.0,00:00.0,1000918,DANELLE,YULA,USA,ph: 7188758121,DANELLE.YULA@KEYFOODSTORES.COM
110,76 - 0398,Hex Nut 23, SHOWER CURTAIN LINER,00:00.0,00:00.0,1000929,STAN,DONALDSON,AMERICA,ph: 7183315080,SK@KEYFOODSTORES.COM
112,28 - 9522,Hex Nut 13, SANSTE 15GR/0.5OZ INSTANT WRINKLE ERASER FACE LIFT,00:00.0,00:00.0,1000961,STEPHEN,KUHLMEY,USA,ph: 6129379334,STEPHEN@KUHLMEY.COM
113,60 - 0702,Hex Nut 1, PLUDO PLUDO - 2.0,00:00.0,00:00.0,1000998,LAWRENCE,LAMONTE,USA,phone: 7039167868,LARRY_J@LA_MONTE_COMPANY.COM
114,96 - 2523,Hex Nut 10, MICHAEL KORS,00:00.0,00:00.0,1001015,ANNA,PRINCE,U.S.A,ph: 2565120990,DORIS_AYALA@PBLX.COM
115,54 - 6128,Hex Nut 11, CHINA COACH,00:00.0,00:00.0,1001028,CAROLYNE,SUTTON,USA,ph: 4048485262,CAROLYN@MARTA.COM
116,17 - 6217,Hex Nut 2, 20 LIQUID OUNCES MAEKRUA OYSTER SAUCE,00:00.0,00:00.0,1001032,KELLIE,YOUNG,USA,ph: 6027318859,KELLY@MARICOPACC.COM
117,96 - 0000,Hex Nut 20, 6.5 OUNCES (NET) KHS COFFEE NUTS 185G,00:00.0,00:00.0,1001094,KY,PIMENTAL,USA,ph: 5029623700,KY_PIMENTAL@MEIJER.COM
84,58 - 3481,Lock Nut 20, rusted solutions 4kg kik arz degreaser & parts washer,00:00.0,00:00.0,1000386,BESSE,GREEN,USA,ph: 7122525855,CUBFOODS@CO.UK
103,15 - 4108,Lock Washer 2, p&g 42ct prilosec,00:00.0,00:00.0,1000888,JASE,PROFITT,U.S.A,ph: 8152235219,JP@HYVEE.COM
111,40 - 8746,Hex Nut 12, LUCY'S DENTIST TOOTH BRUSH,00:00.0,00:00.0,1000941,FRONNIA,OBER,USA,ph: 7188430654,KEYFOOD@KEYFOODSTORES.COM
118,39 - 4717,Hex Nut 15, 6.5 OUNCES (NET) KHS COFFEE NUTS 185G,00:00.0,00:00.0,1001094,JOHN,JONES,U.S.A,phone: 6514235970,JOHNJONESINFA@GMAIL.COM
45,59 - 9389,Chainring Bolts, GLOBAL TAPWARE PTY LTD 1 BAG DUAL HOB TAP MOUNTING KIT,00:00.0,00:00.0,1001882,RICHARD,YANTIS,US,8179217695,RICHARD@TEXAS_CHRISTIAN_UNIV.COM
46,38 - 7718,Chainring Nut, GLOBAL TAPWARE PTY LTD 1 BAG SPRING GUARD - Q,00:00.0,00:00.0,1001922,SARAD,SACKRIDER,USA,phone: 4402328900,SARAD.S@TOPS.COM
47,97 - 7700,Chainring, NIKE 13 NIKE AIR JORDANS 23,00:00.0,00:00.0,1001940,DANIAL,COX,AMERICA,ph: 2063473030,DANNY@TRAMCO.COM
48,33 - 0129,Crown Race, NUTRALAB CANADA LTD. GLUCOSAMINE FLEX 2800,00:00.0,00:00.0,1002015,KENNETH,BOYLE,USA,ph: 8475934685,KEN@UNISYS_CORPORATION.COM
49,95 - 9122,Chain Stays, 9V 9V BATTERY,00:00.0,00:00.0,1002026,ROBERT,EVANS,U.S.A,ph: 1324354657,BOB@ARMYCORPS.COM
50,28 - 0206,Decal 1, BACON WRIGHT,00:00.0,00:00.0,1002062,JOHN,WELCH,AMERICA,ph: 3602571107,JOHN@US_NAVY.COM
51,24 - 0493,Decal 2, ACTIVE WEAR,00:00.0,00:00.0,1002065,JONATHAN,SPICER,USA,ph: 2026855346,JOHN@US_NAVY.COM
52,36 - 0977,Down Tube, PED ADULT,00:00.0,00:00.0,1002109,MICHAEL,FUNSTON,USA,ph: 7032051504,WILLIAM@USDA.COM
53,33 - 9982,Mountain End Caps, NIKE 9.5 AIR MAX,00:00.0,00:00.0,1002133,ANNA,CASTRO,USA,ph: 5869788781,NEWLIN.G@VGSFOOD.COM
54,72 - 0815,Road End Caps, WHISPER WHEELS,00:00.0,00:00.0,1002134,YANG,VELAZQUEZ,U.S.A,ph: 5175483065,YANG.P@VGSFOOD.COM
55,38 - 6704,Touring End Caps, READ PRODUCTS WHITE SINGLE SPONGE READ ERASER SPONGE,00:00.0,00:00.0,1002135,ALICE,CURLING,USA,ph: 8106402030,AC@VGSFOOD.COM
56,06 - 0685,Fork End, GLOBAL TAPWARE PTY LTD 1 HANG/SELL BAG FISHER / STAINLESS FAUCET REPAIR KIT - COLD,00:00.0,00:00.0,1002142,JOHNNY,WISNIEWSKI,U.S.A,ph: 3126453981,JOHN@WWJC.COM
57,40 - 0333,Freewheel, GLOBAL TAPWARE PTY LTD 1 HANG/SELL BAG FISHER / STAINLESS FAUCET REPAIR KIT - HOT,00:00.0,00:00.0,1002177,REUVEN,RHEE,U.S.A,ph: 4072755282,REUVEN_RHEE@WDS.COM
58,31 - 3601,Flat Washer 1, GLOBAL TAPWARE PTY LTD 1 HANG/SELL BAG SPOUT REPAIR KIT,00:00.0,00:00.0,1002179,ODELIA,TALCOTT,USA,ph: 3183469922,ODELIA_TALCOTT@WDS.COM
59,27 - 5524,Flat Washer 6, GLOBAL TAPWARE PTY LTD 1 BAG FISHER 12 ADD-ON POT FILLER,00:00.0,00:00.0,1002180,GOLDI,WEINREB,USA,ph: 4074658600,GOLDI_WEINREB@WDS.COM
60,24 - 5154,Flat Washer 2, GLOBAL TAPWARE PTY LTD 1 HANG/SELL BAG FISHER SPRAY VALVE SPRAY JET SPRAY TIP,00:00.0,00:00.0,1002184,ANNA,MORRISON,U.S.A,ph: 9197512978,IRENE_OTTS@WDS.COM
61,22 - 9898,Thin-Jam Lock Nut 3, GLOBAL TAPWARE PTY LTD 1 HANG/SELL BAG FISHER SPRAY VALVE REPAIR KIT,00:00.0,00:00.0,1002195,CHRISTOPHER,JONES,AMERICA,phone: 7705637447,CHIP@WORLDSPAN.COM
62,45 - 5406,Thin-Jam Lock Nut 4, Karina Francois 50gms Clean Eating Clear Thinking Tea,00:00.0,00:00.0,1062004,MICHAEL,GORHAM,AMERICA,ph: 3017316140,MICHAEL@TRICOR_INDUSTRIES_INC.COM
63,95 - 4116,Thin-Jam Lock Nut 13, Pangrazzi Cheese 200 grams Hoddle Washed Rind,00:00.0,00:00.0,5790176,DEAN,SALPINI,AMERICA,ph: 7038751816,DEAN@AID.COM
64,43 - 7676,Thin-Jam Lock Nut 14, Pangrazzi Cheese 200 grams Hoddle Camembert,00:00.0,00:00.0,5790327,SHORT,RAMIREZ,AMERICA,ph: 7633891350,SDEYOE@COBORNSINC.COM
65,10 - 0460,Thin-Jam Lock Nut 7, Pangrazzi Cheese 200 grams Hoddle Brie,00:00.0,00:00.0,5790365,GEORGE,THOMAS,USA,ph: 2148908341,GEORGE@COMPAQ.COM
66,76 - 0022,Thin-Jam Lock Nut 8, Pangrazzi Cheese 200 grams Hoddle Washed Rind,00:00.0,00:00.0,6590001,JEANETTE,EHRMAN,AMERICA,ph: 2059672188,JEHRMAN
67,31 - 8809,Thin-Jam Lock Nut 12, THE NATURAL TEA COMPANY LTD 28 DAY MORNING TEATOX,00:00.0,00:00.0,1000011,SMITTY,CRIGER,USA,ph: 6086438438,SMITTY_CRIGER@PIGGLYWIGGLY.COM
68,16 - 5886,Thin-Jam Lock Nut 11, THE NATURAL TEA COMPANY 14 NIGHT – NIGHT TIME TEA,00:00.0,00:00.0,1000031,LYNNET,REISINGER,USA,ph: 8139315918,LYNNET_REISINGER@WDS.COM
69,65 - 7542,Lock Nut 5, THE NATURAL TEA COMPANY STARTER PACK - 14 DAY DAYTIME TEATOX,00:00.0,00:00.0,1000049,DERWON,SEIDNER,AMERICA,ph: 8767654324,DERWON_SEIDNER@APTEA.COM
70,97 - 5913,Lock Nut 6, THE NATURAL TEA COMPANY STARTER PACK - 7 NIGHT TIME TEATOX TEABAGS,00:00.0,00:00.0,1000099,WILLIAM,HATCH,USA,ph: 7089376501,BILL@ABBOTT_LABORATORIES.COM
71,25 - 2092,Lock Nut 16, hair,00:00.0,00:00.0,1000196,RICHARD,BREDHOFF,USA,ph: 2122507221,RICHARD@BTSC.COM
72,99 - 0108,Lock Nut 17, Frantic Whisk Frantic Sampler,00:00.0,00:00.0,1000221,MICHEAL,DAVIS,AMERICA,ph: 2148204647,MIKE@BAYLOR_HEALTHCARE_SYSTEMS.COM
73,29 - 2145,Lock Nut 7, Frantic Whisk Eccles,00:00.0,00:00.0,1000238,HAYDEN,BUCKLEY,AMERICA,ph: 9792342023,HDECHICK@BROOKSHIRE-BROTHERS.COM
74,67 - 7447,Lock Nut 8, Red Box Coffee Roasters 1kg Triple Certified Espresso Coffee,00:00.0,00:00.0,1000240,MEARA,TIBBETTS,USA,ph: 9362752283,BROOKSHIREBROTHERS@BROOKSHIRE-BROTHERS.COM
75,79 - 4575,Lock Nut 9, hallmark little calf,00:00.0,00:00.0,1000245,JACK,SLIWA,U.S.A,ph: 9798659143,JSLIWA@BROOKSHIREBROTHERS.COM
76,58 - 7511,Lock Nut 22, DMTA / Sadies Corporation Pty Ltd 1 litre / lavender Neutral Detergent RTU-Concentrate lavender fragrance 1 litre,00:00.0,00:00.0,1000248,THOMAS,FELTON,AMERICA,ph: 4093845738,BROOKSHIREBROTHERS@BROOKSHIRE-BROTHERS.COM
77,07 - 1207,Lock Nut 23, Carradine\'s Cockney Sing-a-long Live at the Bull & Gate (CD Album),00:00.0,00:00.0,1000268,VERONICA,MURPHY,USA,ph: 3124353586,VERONICA@CHICAGO-BOT.COM
78,16 - 3731,Lock Nut 12, DMTA / Sadies Corporation Pty Ltd 5 litre / lavender Neutral Detergent RTUConcentrate lavender fragrance 5 litre,00:00.0,00:00.0,1000295,JOHNATHON,FELDMAN,AMERICA,ph: 2123742684,JOHNATHON@NYC-FD.COM
79,82 - 6628,Lock Nut 13, Rusted Solutions 1kg Rust Remover Gel 1kg,00:00.0,00:00.0,1000329,KARY,KALYA,U.S.A,6059965593,COBORNS@COBORNSINC.COM
80,74 - 5544,Lock Nut 1, rusted solutions 1l rust remover soak ready mix,00:00.0,00:00.0,1000333,CORRINA,O'CONNOR,USA,6053526036,COBORN'S@COBORNSINC.COM
81,22 - 8989,Lock Nut 10, rusted solutions 120g rust remover gel,00:00.0,00:00.0,1000371,ANA,ZARAGOSA,USA,ph: 2095337657,AZ@COSTULESS.COM
82,34 - 2661,Lock Nut 11, rusted solutions 400g kik arz industrial degreaser & parts washer,00:00.0,00:00.0,1000373,PETER,LYONS,USA,8088236803,PETER@COSTULESS.COM
83,33 - 3434,Lock Nut 2, rusted solutions 2kg kik arz degreaser & parts washer,00:00.0,00:00.0,1000384,KY,FENTRESS,AMERICA,5152321226,KY.FENTRESS@CO.UK
85,08 - 0656,Lock Nut 21, axel & ash l 1000 x w 700 mm let\'s see it all - world map,00:00.0,00:00.0,1000391,ORINGAS,DICKEY,AMERICA,ph: 8478543245,ORINGAS.D@CO.UK
86,49 - 4572,Lock Nut 3, fudge me 150grm fudge me,00:00.0,00:00.0,1000392,NATHALIE,FULLBRIGHT,USA,ph: 3096638323,NATHALIE_FULLBRIGHT@CO.UK
87,79 - 1699,Lock Nut 14, fdcovers.com 40cm x 55cm fd16 star wars framed poster and first day cover,00:00.0,00:00.0,1000397,ROBERT,MILLER,AMERICA,ph: 2027244062,ROBERT@COLUMBIA.COM
